"","date","temp","rain","wind","suntime","storm"
"1",2017-01-01,-2.8,0,2,4.42,4
"2",2017-01-02,-1.1,4.2,2.4,2.92,5.1
"3",2017-01-03,-2,0,1.5,0,3.6
"4",2017-01-04,-0.2,1.4,7.3,0,15.9
"5",2017-01-05,-2.4,3.8,2.7,1.58,6.3
"6",2017-01-06,-8,0,2.7,6,5.6
"7",2017-01-07,-7.5,0,2.3,1.33,5.3
"8",2017-01-08,-1.5,1.6,2.6,0.75,6.3
"9",2017-01-09,-0.7,0,1.2,0,3.3
"10",2017-01-10,-0.6,2.8,2.8,0,6.6
"11",2017-01-11,1.8,2,9.2,0.83,19
"12",2017-01-12,4.4,4.8,6.4,0,13.7
"13",2017-01-13,1.4,2,10,1.92,21.9
"14",2017-01-14,-0.2,2.4,8.1,0,17.2
"15",2017-01-15,-1.3,1.4,4.9,3.08,10.2
"16",2017-01-16,-3.3,1.8,2.4,1.58,5.4
"17",2017-01-17,-4,0.2,12.7,0.58,24.1
"18",2017-01-18,-4.1,0,13.8,0,26
"19",2017-01-19,-4.5,0,7.4,0,15.6
"20",2017-01-20,-5.6,0,4,0,8.2
"21",2017-01-21,-6,0,3.5,0,7.5
"22",2017-01-22,-6.1,0,2.6,0,6.1
"23",2017-01-23,-6.7,0,2,0,5
"24",2017-01-24,-5.4,0,4.5,0,9.4
"25",2017-01-25,-6.7,0,7.4,0,15.3
"26",2017-01-26,-5.5,0,5.4,0,11.9
"27",2017-01-27,-3.7,0,2,4.75,4.7
"28",2017-01-28,-1.8,0,1.2,6.92,2.4
"29",2017-01-29,-0.8,0,0.5,7.67,1.3
"30",2017-01-30,1.2,1,3.5,0,7.5
"31",2017-01-31,6.1,16,4.9,0,11.1
"32",2017-02-01,5.6,5.4,1.7,0.42,3.7
"33",2017-02-02,2.8,0.2,1.7,0.33,4
"34",2017-02-03,4.7,0.2,2.9,3.83,6.5
"35",2017-02-04,3.9,2.2,5.7,1.5,12.7
"36",2017-02-05,1.8,4.8,1.9,0,4.3
"37",2017-02-06,2.3,1.2,2.9,0.83,6.4
"38",2017-02-07,2.4,1,1.1,1.25,2.9
"39",2017-02-08,2.5,0.2,3.1,0,6.2
"40",2017-02-09,-0.4,0,4.7,0,9.2
"41",2017-02-10,0.5,0,2.2,1.42,5
"42",2017-02-11,0,0,2.6,1.67,6.1
"43",2017-02-12,0.9,0,6.2,3.92,13.1
"44",2017-02-13,0.7,0,7.9,0,16.4
"45",2017-02-14,0.4,0,2.5,4.08,5.6
"46",2017-02-15,1.5,0,0.9,6.75,2.2
"47",2017-02-16,4,0.2,1.3,9,3.1
"48",2017-02-17,5,5.2,4,0,8
"49",2017-02-18,3,0,2.2,2.75,5.1
"50",2017-02-19,2.4,0,2.9,5.75,6.2
"51",2017-02-20,7,1.2,5.1,3.5,10.9
"52",2017-02-21,8.6,1.6,7.2,0,15.5
"53",2017-02-22,9.4,0,7.5,2.42,16.2
"54",2017-02-23,10.7,0,9.5,7.75,20
"55",2017-02-24,5.3,0.8,7,2.25,15.8
"56",2017-02-25,2.1,0,2.2,5,5.1
"57",2017-02-26,4.6,0,2.9,6.25,6.2
"58",2017-02-27,6.6,0,3.3,8.75,7.2
"59",2017-02-28,4.5,13,6.7,1.58,15.5
"60",2017-03-01,5.1,8,12.4,1.17,25.6
"61",2017-03-02,6.7,15.2,9,5.17,19.4
"62",2017-03-03,4.6,0,1.7,6.83,4.3
"63",2017-03-04,6.2,1.8,5,6.08,11.2
"64",2017-03-05,6.6,4.4,9.5,4.75,20.7
"65",2017-03-06,4.3,10,6.3,1,13.5
"66",2017-03-07,4,1.4,7.2,1.08,15
"67",2017-03-08,4.2,2.4,5.6,3.92,11.6
"68",2017-03-09,8.7,5.4,9.4,0,19.9
"69",2017-03-10,8.3,0.2,2.4,8.58,5.6
"70",2017-03-11,5.2,0,2.2,10.33,4.7
"71",2017-03-12,5.9,0,2.4,10.17,5
"72",2017-03-13,6.3,0,1.5,9.33,3.3
"73",2017-03-14,7.7,0,1.8,10,4.2
"74",2017-03-15,8.2,0,2.6,9.17,5.9
"75",2017-03-16,8.5,0,2.1,10.08,4.7
"76",2017-03-17,11.2,0,5.3,9,11.8
"77",2017-03-18,8.4,3.4,11.1,0,23.9
"78",2017-03-19,11.5,1.2,7.8,5.75,16.7
"79",2017-03-20,10.9,0,4.6,4,10.2
"80",2017-03-21,10.4,0,5,5,10.8
"81",2017-03-22,6,1.8,3.6,0,7.8
"82",2017-03-23,10.6,2,5.5,8.42,11.3
"83",2017-03-24,8.7,0,7,1.83,14.1
"84",2017-03-25,9.4,0,9.6,5.42,19.1
"85",2017-03-26,7.5,0,1.9,5.92,4.5
"86",2017-03-27,8.4,0,1.9,10.83,4.6
"87",2017-03-28,10.9,0,2.8,10.83,6.5
"88",2017-03-29,12.6,0,2.1,10.67,4.9
"89",2017-03-30,12,0,2.8,10.83,6.2
"90",2017-03-31,12.9,0,2,9.75,4.9
"91",2017-04-01,12.3,0,4.1,4.58,9.5
"92",2017-04-02,12.5,0.6,3.9,6.5,8.6
"93",2017-04-03,12.4,3.2,3.8,7.5,8.4
"94",2017-04-04,11.2,0.4,3.1,4.83,7
"95",2017-04-05,10.3,0,2.6,6.17,6.5
"96",2017-04-06,9.2,0,4.3,6.92,9.5
"97",2017-04-07,8.9,0,1.9,11.08,4.8
"98",2017-04-08,11.3,0,2.1,11.33,4.9
"99",2017-04-09,13.8,0,2.1,11.5,5.1
"100",2017-04-10,15.8,0,5.7,10.25,12.3
"101",2017-04-11,11.5,0,3.9,6.75,8.9
"102",2017-04-12,11.7,0,3.9,11,9.4
"103",2017-04-13,13.8,0,5.8,8.92,13.1
"104",2017-04-14,10.7,0,3,3,6.9
"105",2017-04-15,10.6,0.2,4.4,1,10.1
"106",2017-04-16,7.9,9.2,3.8,0,8.8
"107",2017-04-17,7.4,3,6.2,1.67,13.3
"108",2017-04-18,3.8,1.8,4.6,5.25,10
"109",2017-04-19,1.7,9.2,3.9,3,8.6
"110",2017-04-20,2.2,0,4.4,9.5,9.5
"111",2017-04-21,5.4,0.2,2.5,12.25,6.1
"112",2017-04-22,8.7,0,4.1,9.42,9.2
"113",2017-04-23,8.7,0,3.5,9.75,8.4
"114",2017-04-24,9.9,0,2.6,12.67,6.4
"115",2017-04-25,10,26.4,3.7,0.08,8
"116",2017-04-26,2.8,28.8,2.8,0,6.1
"117",2017-04-27,3.3,12.4,2.2,0,5.6
"118",2017-04-28,2.8,14.6,3.6,1.58,7.5
"119",2017-04-29,5.9,0,3.5,12.33,7.7
"120",2017-04-30,9.1,0,3.1,12.33,6.9
"121",2017-05-01,6.6,3.8,6.1,0,13
"122",2017-05-02,9.8,0.4,4.8,7.42,9.9
"123",2017-05-03,10.8,2.4,2.9,6.25,6.5
"124",2017-05-04,10,3.4,3.1,4.08,6.7
"125",2017-05-05,12.7,0.2,4.7,11.25,10.3
"126",2017-05-06,10.3,11.6,4.1,3,9
"127",2017-05-07,10.5,6.2,7.7,0,16.6
"128",2017-05-08,9.6,17.4,6.4,0,13.3
"129",2017-05-09,8.7,0.4,3.7,4.67,8
"130",2017-05-10,10.8,0,2.5,12.83,5.7
"131",2017-05-11,15.1,0,2.3,4.25,5.7
"132",2017-05-12,15.7,0,5.7,6.67,12.8
"133",2017-05-13,16,1.8,5.5,6.17,12.4
"134",2017-05-14,15.1,1.8,4.3,7.25,9.3
"135",2017-05-15,16.1,0,3.5,10.67,8
"136",2017-05-16,16.5,0,3.6,13.25,7.8
"137",2017-05-17,18.4,0,2.2,13.25,5.2
"138",2017-05-18,19.4,0,3.1,8.17,7.1
"139",2017-05-19,11.9,3,6.3,0.25,13.3
"140",2017-05-20,10.2,0,2.9,4.83,6.5
"141",2017-05-21,13.8,0,5.4,11.75,11.1
"142",2017-05-22,16.5,0,3.1,13.08,7.3
"143",2017-05-23,18.8,0,5,9.5,10.8
"144",2017-05-24,19,0,3.4,8.25,7.7
"145",2017-05-25,18.4,0,4.1,11.67,9.2
"146",2017-05-26,18.5,0,5.5,13.58,11.4
"147",2017-05-27,20.6,0,2.3,13.25,5.6
"148",2017-05-28,22.4,0,2.2,11.17,5.1
"149",2017-05-29,24,0,3.8,13.25,8.8
"150",2017-05-30,23.7,2.8,4.7,11.17,10.9
"151",2017-05-31,21.5,6.8,4.1,8.08,8.9
"152",2017-06-01,20.6,2.6,3.4,7.83,8
"153",2017-06-02,20.4,1.2,4.4,9.33,9.8
"154",2017-06-03,20.5,10.6,3.6,10,8.2
"155",2017-06-04,18.4,0.8,6.8,7.92,14
"156",2017-06-05,15,1.2,2.1,1.17,4.9
"157",2017-06-06,14,0.8,6.6,3,14.8
"158",2017-06-07,13.5,0.4,7.9,10.5,16.5
"159",2017-06-08,15.9,0,2.4,13.83,5.8
"160",2017-06-09,17.6,0.8,4,5.92,9.1
"161",2017-06-10,20,0,2.6,10.83,6.2
"162",2017-06-11,22.1,0,3.2,13.75,7
"163",2017-06-12,23.2,0,6.2,7.75,12.9
"164",2017-06-13,22.7,0,3.9,11.5,8.9
"165",2017-06-14,20.6,0,3.5,7.58,7.6
"166",2017-06-15,22.7,12.8,5.6,11.33,11.7
"167",2017-06-16,21.4,0,7.6,11.58,16.2
"168",2017-06-17,18.7,0,3.7,10.83,8.5
"169",2017-06-18,20.2,0,6.8,13.58,13.8
"170",2017-06-19,22.5,0,3,13.58,7
"171",2017-06-20,26.3,0,5.8,13.58,12.1
"172",2017-06-21,25.8,0,2.5,9.83,5.9
"173",2017-06-22,27,0,3.9,12.33,8.7
"174",2017-06-23,27.4,0,6.5,11.17,13.9
"175",2017-06-24,22.8,0,5.2,4.75,11.2
"176",2017-06-25,22,0,6.2,7.08,13
"177",2017-06-26,23.2,0.8,4.6,11.58,10.1
"178",2017-06-27,21.7,1.6,2.3,3.83,5.7
"179",2017-06-28,19.7,12,5.4,4.75,11.5
"180",2017-06-29,17.6,8.8,8.5,6,17.9
"181",2017-06-30,17.9,0,7.9,9.08,16.5
"182",2017-07-01,16.9,0,8.2,5.5,17.2
"183",2017-07-02,14.8,5,6.3,0,13
"184",2017-07-03,18.5,0.2,4.4,9.08,9.4
"185",2017-07-04,20.5,0,3.4,11.58,7.3
"186",2017-07-05,22.9,0,3.8,13.5,8.5
"187",2017-07-06,25.3,0,4.2,13.42,9
"188",2017-07-07,26.1,0,6.3,8.08,12.6
"189",2017-07-08,24.3,1.2,5.1,8.5,10.9
"190",2017-07-09,21.1,20.2,4,3.83,8.8
"191",2017-07-10,20.1,11.2,5.5,4.25,11.9
"192",2017-07-11,19,0.2,4.6,6.67,10
"193",2017-07-12,20.5,4,6.1,7.67,13.3
"194",2017-07-13,19.7,3,3.8,7.5,8.6
"195",2017-07-14,18.8,3.8,4.7,4.42,10.5
"196",2017-07-15,17.9,0,3.6,6.33,7.6
"197",2017-07-16,18.5,0,2.8,13.08,6.1
"198",2017-07-17,21.3,0,3,13.67,6.8
"199",2017-07-18,22.9,0,2.7,9.25,6.1
"200",2017-07-19,24.2,0,5.1,10.08,10.9
"201",2017-07-20,21.3,4.4,4.6,7.75,9.6
"202",2017-07-21,21.3,15,4.8,9.75,10.4
"203",2017-07-22,21.8,1.6,4,9.67,8.8
"204",2017-07-23,18.6,0.6,4.2,1.75,9.1
"205",2017-07-24,16.3,4.4,4.9,0.67,10.8
"206",2017-07-25,14.7,17.6,7.3,2.67,14.8
"207",2017-07-26,15.4,5.4,7.7,3.83,15.6
"208",2017-07-27,17.2,0.4,5,2.33,10.2
"209",2017-07-28,18.1,2.6,5.2,5.33,10.6
"210",2017-07-29,20.8,0,2.9,10.92,6.4
"211",2017-07-30,22.7,2.6,3.5,8.58,7.6
"212",2017-07-31,21.6,0.6,2.9,5.83,6.3
"213",2017-08-01,22.4,21.4,3.5,8.92,8
"214",2017-08-02,23.7,0,2.9,10.67,6.8
"215",2017-08-03,25.6,0,2.9,8.25,7.1
"216",2017-08-04,23.5,0.4,3.4,4.67,8.7
"217",2017-08-05,22.6,0.4,3.8,9.17,9.2
"218",2017-08-06,18.1,1.6,3.5,4.33,8.2
"219",2017-08-07,19.1,0,3.8,11.67,8.7
"220",2017-08-08,16.8,2.8,3,1.42,7.2
"221",2017-08-09,17.8,6.4,2.5,2.92,6.3
"222",2017-08-10,13.7,12,1.6,0.58,5
"223",2017-08-11,12.4,9.4,2.9,0,7
"224",2017-08-12,15.5,1,5.2,3.58,11.4
"225",2017-08-13,19,0,2.3,9.75,5.7
"226",2017-08-14,20.5,0,1.9,12.17,4.8
"227",2017-08-15,22.1,0,3.1,10,7
"228",2017-08-16,21.3,4.6,1.7,8,4.7
"229",2017-08-17,22.6,0,3,10.42,7.2
"230",2017-08-18,22.5,7,4,10,9.6
"231",2017-08-19,18.5,0.6,4.9,6.92,10.6
"232",2017-08-20,17,0,2.1,8.92,4.9
"233",2017-08-21,15.2,0,1.5,5.92,4
"234",2017-08-22,18.4,0,2.5,11.67,5.7
"235",2017-08-23,20.6,0,1.6,9.08,4
"236",2017-08-24,21,2.6,3.4,8.25,7.7
"237",2017-08-25,20.4,0,1.8,10,4.3
"238",2017-08-26,23.2,0,2.7,9.42,5.8
"239",2017-08-27,21.9,0,3.8,6.75,7.7
"240",2017-08-28,22.2,0,2.1,9.92,5
"241",2017-08-29,22,0,2.3,11.42,5
"242",2017-08-30,23,6.2,3.1,9.58,7
"243",2017-08-31,16.7,19.6,3.5,0,8.2
"244",2017-09-01,13.4,20.4,3.2,0,7.1
"245",2017-09-02,12.7,10.8,3.6,2,7.9
"246",2017-09-03,13,0.2,2.4,4.33,5.4
"247",2017-09-04,14.8,0,2.9,9.42,6.3
"248",2017-09-05,19.8,0,3.3,9.5,7.2
"249",2017-09-06,18.9,0.4,6.8,4.25,14.6
"250",2017-09-07,15.7,0,4.3,5.25,8.8
"251",2017-09-08,15.4,0,4.8,8.25,9.8
"252",2017-09-09,12.2,12.4,2.8,0,6.4
"253",2017-09-10,12.6,5.8,1.7,2.17,3.9
"254",2017-09-11,12.8,0.4,5.6,1.75,11.5
"255",2017-09-12,12.5,1.6,6.2,3.42,12.7
"256",2017-09-13,13.9,0.4,8.3,0.25,17.6
"257",2017-09-14,14.2,8.6,11,2.42,23.8
"258",2017-09-15,10.9,0,3.1,8.5,6.3
"259",2017-09-16,10.4,1.6,2.3,5.42,5
"260",2017-09-17,10.5,8,3.3,4.75,7.3
"261",2017-09-18,11.3,5.6,3.6,4.33,8
"262",2017-09-19,10.8,8.4,4.5,3.33,9.5
"263",2017-09-20,12,1.6,2.7,6.58,6.4
"264",2017-09-21,11.2,0,2.7,8.25,6
"265",2017-09-22,13.3,0,2.4,8.83,5.3
"266",2017-09-23,14.3,0,2.3,9.92,5.3
"267",2017-09-24,15.3,0.2,2.1,7.25,5
"268",2017-09-25,14.1,0,2.7,6.83,5.8
"269",2017-09-26,13.2,0,1.9,6.17,3.4
"270",2017-09-27,15.2,0.4,1.2,6.58,2.7
"271",2017-09-28,15.4,0.2,1.1,6.08,2.8
"272",2017-09-29,15.9,1.2,1.1,5.17,2.8
"273",2017-09-30,15.7,6.2,3.5,4.92,8
"274",2017-10-01,12.3,0.6,2.5,4,5.4
"275",2017-10-02,13.5,0.2,4.4,0.5,9.4
"276",2017-10-03,14.6,16.4,4.9,4,10.5
"277",2017-10-04,10.9,0,2.4,6,5.3
"278",2017-10-05,14.6,1.4,6.8,8.83,14.9
"279",2017-10-06,9.5,10,4,2.58,8.6
"280",2017-10-07,10.1,0,4.2,8.25,8.7
"281",2017-10-08,10.5,1.4,6,0,12.7
"282",2017-10-09,11.6,1,1.5,1.75,3.5
"283",2017-10-10,10.6,0,3,8,6.2
"284",2017-10-11,11.7,0,2.7,9.25,5.8
"285",2017-10-12,13.8,0,4.1,6.42,8.5
"286",2017-10-13,13.3,0,1.9,9.33,3.9
"287",2017-10-14,12,0,1,6.17,2.1
"288",2017-10-15,11.9,0.2,0.9,6.83,1.9
"289",2017-10-16,12.5,0.2,0.8,9.17,1.8
"290",2017-10-17,12,0,1.2,9.25,2.7
"291",2017-10-18,11.5,0.2,1.5,9,3.4
"292",2017-10-19,11.2,0,1.7,6.42,3.5
"293",2017-10-20,12.7,0.2,2.8,4.83,6.1
"294",2017-10-21,15.4,1.6,4.9,5.75,10.3
"295",2017-10-22,9.5,6.6,6.7,4.42,14.3
"296",2017-10-23,8.3,1.4,7.5,0.58,15.2
"297",2017-10-24,10.7,0,2.2,7,5.2
"298",2017-10-25,11.7,0,2.4,7.58,5.1
"299",2017-10-26,12.5,0,2.6,7.67,5.4
"300",2017-10-27,11.4,1.6,4.9,2.33,10.3
"301",2017-10-28,7.2,0,5.5,4.92,11.5
"302",2017-10-29,8.6,3.6,9.6,0,19.5
"303",2017-10-30,4.8,0,2.3,6.25,5
"304",2017-10-31,3.4,0.2,1.6,7.5,3.5
"305",2017-11-01,5.3,0,1.4,7,3.2
"306",2017-11-02,9.8,0.2,4.1,4.67,8.7
"307",2017-11-03,10.8,0,2.2,6.92,4.5
"308",2017-11-04,9.8,0,1.6,4.42,3.6
"309",2017-11-05,7.8,14,4.6,0,9.7
"310",2017-11-06,4.5,7.6,5.5,0,10.8
"311",2017-11-07,5.7,1.6,4.9,0,9.9
"312",2017-11-08,5.2,2.6,3.1,0.08,6.6
"313",2017-11-09,5.6,0,0.8,0,2.5
"314",2017-11-10,6.1,1.8,7.3,0,14.9
"315",2017-11-11,7.6,9.8,10.4,0,21.9
"316",2017-11-12,7.8,27.6,12.2,0.08,25.2
"317",2017-11-13,3.1,1.4,2.8,0.42,6.1
"318",2017-11-14,1.3,0.2,2.1,2.92,4.8
"319",2017-11-15,1.6,0,5.3,2.5,10.7
"320",2017-11-16,1.3,0,2.6,0,5.2
"321",2017-11-17,2.3,0,2.7,0.67,5.4
"322",2017-11-18,4.3,0,3.8,0,8.1
"323",2017-11-19,2.9,5,5.8,1.33,11.9
"324",2017-11-20,3,0,3.7,0,7.6
"325",2017-11-21,7.3,1.8,5.1,2.67,10.1
"326",2017-11-22,5.8,0,2.2,7.08,4.7
"327",2017-11-23,7.3,0,3.7,4.5,8.1
"328",2017-11-24,10.6,0,5.1,5,10
"329",2017-11-25,6.6,10.2,5.7,0,12.5
"330",2017-11-26,1.9,1.4,6.5,1.67,13.3
"331",2017-11-27,3.8,0.2,8.4,3.5,17.2
"332",2017-11-28,4.2,4.2,7.1,1.42,15.3
"333",2017-11-29,2.9,1,3.8,0,7.9
"334",2017-11-30,1.3,0.6,7.3,0.17,14.9
"335",2017-12-01,0.1,0.8,3.3,2.67,6.7
"336",2017-12-02,0.6,0.2,9.6,0,18.1
"337",2017-12-03,-0.2,0.4,4.3,0.5,8.4
"338",2017-12-04,1,2,5.4,0,11.3
"339",2017-12-05,2,0,1.6,1.83,3.8
"340",2017-12-06,0.4,0,2.2,0,4.9
"341",2017-12-07,2.5,0,6.6,6.08,13.6
"342",2017-12-08,3.7,15.8,8.4,0,18.4
"343",2017-12-09,-1,0.4,6.2,3.17,13
"344",2017-12-10,-0.1,28.4,5.2,0,11.2
"345",2017-12-11,3.4,3.6,3,0,6.8
"346",2017-12-12,2.3,0.4,5.5,0,12.3
"347",2017-12-13,0.5,1.4,5.1,4.33,10.8
"348",2017-12-14,3.8,16.4,10.9,0,23
"349",2017-12-15,3,2.2,5.7,1.83,12.3
"350",2017-12-16,1.6,2.4,4,0,8.4
"351",2017-12-17,0.9,0,5,1.42,10.4
"352",2017-12-18,0.3,4.2,4,0,8.3
"353",2017-12-19,1.7,0,1.5,0,3.7
"354",2017-12-20,1.8,0.2,2.1,0.5,4.6
"355",2017-12-21,3.2,1.8,3.6,3.58,7.2
"356",2017-12-22,5,1.2,3.1,0,6.6
"357",2017-12-23,5,0,3.8,0,8
"358",2017-12-24,2.5,0,6.5,0,13
"359",2017-12-25,0.2,0,3.9,1.92,8.2
"360",2017-12-26,1.5,0.2,3.6,1.17,7.8
"361",2017-12-27,1.8,4,4,0,8.6
"362",2017-12-28,1,2.6,8.3,0.42,17.5
"363",2017-12-29,0.1,2.6,6.3,4.25,12.4
"364",2017-12-30,6.2,5.8,11.5,0,23.7
"365",2017-12-31,10.5,0,10.2,6.5,20.7
"366",2018-01-01,6.8,4,12.1,3.42,25.1
"367",2018-01-02,4.8,2.8,9.5,1.75,19.8
"368",2018-01-03,6.6,12,13.3,0.33,28.1
"369",2018-01-04,7.9,21.2,12.8,0,26.7
"370",2018-01-05,10,5.2,6.2,2.83,13.6
"371",2018-01-06,7,0,1.6,0,4.3
"372",2018-01-07,5.4,0,6.1,0.08,12.9
"373",2018-01-08,4.6,0,6.5,2.5,13
"374",2018-01-09,4.7,0,3.4,2.67,7.1
"375",2018-01-10,2.3,0.2,1.2,1.67,2.9
"376",2018-01-11,3.6,0,0.8,2,1.8
"377",2018-01-12,3.5,0,3.8,0,7.5
"378",2018-01-13,2.3,0,2.2,1.58,4.7
"379",2018-01-14,-0.2,0,2.3,0,5.1
"380",2018-01-15,2.3,3.8,5.8,2.83,12.2
"381",2018-01-16,6.6,16.2,15,0.25,32.4
"382",2018-01-17,2.8,11.6,11.8,2.58,25.5
"383",2018-01-18,4.9,10.6,18.1,0.17,36.8
"384",2018-01-19,4.8,8.2,7.6,3.08,17
"385",2018-01-20,3.7,13.6,8.9,1.83,18.6
"386",2018-01-21,4,1.6,3.7,0,8
"387",2018-01-22,6.9,20.4,8.1,0.08,16.9
"388",2018-01-23,6.2,0.4,2.6,0,5.6
"389",2018-01-24,6.5,0,3,7.83,6.1
"390",2018-01-25,7.6,0,3.7,4.83,7.5
"391",2018-01-26,5.9,0,1.5,3.08,3.6
"392",2018-01-27,6.9,0,2.8,0,5.8
"393",2018-01-28,7.3,0,7,3.17,13.7
"394",2018-01-29,7.3,0,7,5.25,14.3
"395",2018-01-30,7.9,0,2.8,2,5.8
"396",2018-01-31,7.3,0.4,7.2,3.92,14.5
"397",2018-02-01,3.4,9.8,6,0.25,13
"398",2018-02-02,2.2,0,4.7,4.83,9.5
"399",2018-02-03,1.7,0,4.3,1.33,8.6
"400",2018-02-04,0.9,0,1.7,3.67,3.6
"401",2018-02-05,0.3,0,5.5,1.58,10.5
"402",2018-02-06,-0.6,0,4.6,3.25,9
"403",2018-02-07,0.1,1.6,1.7,0,3.6
"404",2018-02-08,0.3,1.4,1,0.75,2.2
"405",2018-02-09,0.8,0,2,0,4.4
"406",2018-02-10,0.8,0,3.4,0.42,7.1
"407",2018-02-11,1.9,0.8,6,0,12
"408",2018-02-12,1.2,1.4,5.3,4.83,11.1
"409",2018-02-13,-1.6,0,3.6,7.42,7.4
"410",2018-02-14,-2.2,0,2.9,6.67,5.8
"411",2018-02-15,1,5.4,2.7,0,6.2
"412",2018-02-16,5.8,6.4,4.1,0.42,8.3
"413",2018-02-17,2.8,15,3.6,0,7.2
"414",2018-02-18,0.7,0.6,2.8,0,5.8
"415",2018-02-19,0.6,0,1.6,0,3.7
"416",2018-02-20,0.1,0,4.1,0,7.9
"417",2018-02-21,-0.7,0,9.7,0.17,18.3
"418",2018-02-22,-1.7,0,12.4,0,23.4
"419",2018-02-23,-1.7,0,11.4,0,21.9
"420",2018-02-24,-0.8,0,13.9,0,26.8
"421",2018-02-25,-4.9,0,13.4,3.83,25.9
"422",2018-02-26,-8.3,0,13,2.75,24.6
"423",2018-02-27,-8.9,0,9,3.58,17.1
"424",2018-02-28,-7.6,0,7.8,5.58,14.8
"425",2018-03-01,-5.9,1.2,7.9,1.83,14.8
"426",2018-03-02,-4.4,2.6,5.4,4,10.3
"427",2018-03-03,-1.1,1,2.7,0.33,5.5
"428",2018-03-04,2.9,0.6,3.5,4.33,6.8
"429",2018-03-05,5.9,0,4.1,8.42,7.7
"430",2018-03-06,4.7,0,5,5.58,9.8
"431",2018-03-07,5,3,6.6,1.83,13.6
"432",2018-03-08,6.2,1.2,5.7,8.58,11.8
"433",2018-03-09,9.9,0,6.5,4,13.2
"434",2018-03-10,8.6,2,2.2,0.67,4.9
"435",2018-03-11,7,0.4,2,0.17,4.4
"436",2018-03-12,8.4,5.8,7.5,2.83,15.8
"437",2018-03-13,6.4,1.4,11.3,0.08,23.5
"438",2018-03-14,7.3,0,4.4,9.08,9.2
"439",2018-03-15,5.2,0.2,5.3,2.92,10.7
"440",2018-03-16,6.8,0,4.2,3.5,8.5
"441",2018-03-17,3.2,6.4,4.3,0.75,8.5
"442",2018-03-18,-0.7,1,3.2,0,6.3
"443",2018-03-19,-1.1,0.4,6.4,0.25,12.4
"444",2018-03-20,-0.8,0.4,6.7,3.75,13.2
"445",2018-03-21,0.1,0.2,5.8,5.33,11.6
"446",2018-03-22,0.2,0.8,5.2,7.42,10.5
"447",2018-03-23,3.6,0,4.2,3.42,8.7
"448",2018-03-24,4.2,0,2.3,10.92,5
"449",2018-03-25,6.2,0,2.7,10.25,6
"450",2018-03-26,6.9,0,3.6,1,7.1
"451",2018-03-27,6.4,2.4,5.6,5,11.5
"452",2018-03-28,8.5,8.4,9.2,0.75,19.3
"453",2018-03-29,6.2,4.6,4.6,0.58,9.6
"454",2018-03-30,5.4,1.6,5.7,3.92,11.5
"455",2018-03-31,5.1,5.8,4.9,1.08,9.8
"456",2018-04-01,5.7,3.2,7.6,2.42,15.9
"457",2018-04-02,7.2,0,2.7,8,5.6
"458",2018-04-03,13,0,3.8,6.75,8.1
"459",2018-04-04,9.9,3.2,5.5,5.25,11.9
"460",2018-04-05,9.4,0.4,7.6,3.42,16
"461",2018-04-06,8.9,0,4.5,11.25,8.8
"462",2018-04-07,11.5,0,2.3,11.58,4.9
"463",2018-04-08,14.2,0,3.5,11.17,7.3
"464",2018-04-09,14,0,2.8,2.5,6.1
"465",2018-04-10,11.8,0,5.4,8,11
"466",2018-04-11,11.2,0,5.1,10.75,10.2
"467",2018-04-12,13.9,0,4.1,9.58,8.8
"468",2018-04-13,12.1,0,6.4,7.25,13.2
"469",2018-04-14,12,0,3.4,9.42,6.9
"470",2018-04-15,12.8,0,2.5,5.5,5.6
"471",2018-04-16,13.1,4.8,3.2,1.17,6.8
"472",2018-04-17,14.5,0.2,4.1,9.25,8.2
"473",2018-04-18,15.7,0,5.9,12,11.6
"474",2018-04-19,16.4,0,2.6,12,5.8
"475",2018-04-20,17.3,0,2.5,11.83,5.3
"476",2018-04-21,18,0,2.3,12.08,5
"477",2018-04-22,18.8,0,4.4,11.5,8.8
"478",2018-04-23,17.5,2.2,6.1,7.42,11.6
"479",2018-04-24,16.9,0,4.4,10.58,9.2
"480",2018-04-25,17.3,0,7.3,10.58,15.5
"481",2018-04-26,12.6,0,6.3,0.83,13.3
"482",2018-04-27,14.5,0,3.6,11.83,7.7
"483",2018-04-28,16.4,0,4.2,9.92,8.6
"484",2018-04-29,18.3,0,6.2,8.75,12.7
"485",2018-04-30,13.4,2.8,9.4,8.5,19.8
"486",2018-05-01,10.1,0.6,2.8,2.42,6.2
"487",2018-05-02,11.9,0.2,4,2.75,8.2
"488",2018-05-03,13.9,0,5.5,2.33,11
"489",2018-05-04,16,0,7.5,0,15.5
"490",2018-05-05,18.8,0,8.6,8.25,17.1
"491",2018-05-06,17.7,0,5.2,7.92,10.7
"492",2018-05-07,16.8,0,4.7,12.08,9.7
"493",2018-05-08,18.2,0,3.1,12.33,6.8
"494",2018-05-09,16.2,0,4.3,8.75,8.7
"495",2018-05-10,13,9.4,6,0,12.1
"496",2018-05-11,14.9,0,3.9,11.92,8.3
"497",2018-05-12,17.9,0,3.5,12.42,7.7
"498",2018-05-13,14.8,7,7.3,3.92,14.6
"499",2018-05-14,10.9,14.2,5.4,0,11.4
"500",2018-05-15,11.6,10.2,5.1,1.25,10.2
"501",2018-05-16,11.5,2.6,4.5,0.08,9.3
"502",2018-05-17,12.3,9.6,2.6,1,5.6
"503",2018-05-18,15.1,0,3.6,8.67,7.6
"504",2018-05-19,14.2,0,3.8,6.67,8.1
"505",2018-05-20,14.6,0,4.2,3.75,8.9
"506",2018-05-21,16.5,0,3.4,10.17,7.2
"507",2018-05-22,17.4,3.2,4.5,11,9.3
"508",2018-05-23,17.3,3.6,3.2,5.67,6.8
"509",2018-05-24,18.8,2,3.6,9.83,7.8
"510",2018-05-25,19.4,0,2.9,13.08,6.4
"511",2018-05-26,20.5,0,3.2,12,7
"512",2018-05-27,21.9,0,3.4,9.08,7.4
"513",2018-05-28,22.4,0,4.1,10.83,8.8
"514",2018-05-29,19.8,0.4,5.7,4.83,11.7
"515",2018-05-30,20.7,1.2,5,11.5,10.6
"516",2018-05-31,19.5,4,4.9,7.58,10.3
"517",2018-06-01,18.9,0.4,5.5,10.5,11.4
"518",2018-06-02,19.8,0,3.2,10.58,6.8
"519",2018-06-03,20.7,0,4.1,12.5,8.5
"520",2018-06-04,20.4,12.4,5.2,9.33,10.8
"521",2018-06-05,20.5,0.4,3.4,9.08,7.3
"522",2018-06-06,21.1,0,3.8,7.17,8
"523",2018-06-07,20.8,0,5,7.33,10.3
"524",2018-06-08,19.5,25.8,3.3,7.42,7.3
"525",2018-06-09,21,0.2,3.5,8.08,7.5
"526",2018-06-10,22.5,0,3.6,12.67,7.8
"527",2018-06-11,20,1.2,3.2,3.92,6.8
"528",2018-06-12,18.5,3.2,4.4,3.75,9.1
"529",2018-06-13,13.9,6,2.9,0,6.9
"530",2018-06-14,15.6,0,3.2,10.42,7.2
"531",2018-06-15,17.3,0,3.8,12.67,8.3
"532",2018-06-16,18.7,0,2.8,13.42,6.1
"533",2018-06-17,18.8,0.2,3.9,3.67,8.1
"534",2018-06-18,19.7,0,3.5,8,7.5
"535",2018-06-19,20.4,0,3.2,11.83,7.3
"536",2018-06-20,22.2,0,3.3,13.67,7.2
"537",2018-06-21,23.2,0,7.4,9.42,15
"538",2018-06-22,16.3,0.2,7,7.5,14
"539",2018-06-23,16.2,0,4.1,12.75,8.9
"540",2018-06-24,16.9,0,3.9,8.92,8.1
"541",2018-06-25,18,0,5.3,9.17,10.8
"542",2018-06-26,18.6,0,4.9,10.25,10.2
"543",2018-06-27,20,0,6.3,12.08,13
"544",2018-06-28,17.6,0.4,8.2,7.42,16.5
"545",2018-06-29,19.5,0,6.3,4.08,13.4
"546",2018-06-30,23.1,0,3.2,13.33,7.1
"547",2018-07-01,22.6,0,6.8,13.42,13.3
"548",2018-07-02,22.5,0,4.7,13.92,10
"549",2018-07-03,20.1,32.8,3.3,2.58,7
"550",2018-07-04,22.4,0,4.2,11.58,9
"551",2018-07-05,18.9,3.8,5.2,1.58,10.5
"552",2018-07-06,17.6,7.6,4.5,1.42,9.3
"553",2018-07-07,20.3,0.2,2.5,7.5,5.9
"554",2018-07-08,21.5,0,3.2,10.17,7
"555",2018-07-09,21.7,0,2.9,12.42,6.2
"556",2018-07-10,19.9,0,4.5,6.58,9.3
"557",2018-07-11,18.2,0,4,6.75,8.5
"558",2018-07-12,18.9,0,2.9,13,6.2
"559",2018-07-13,21.6,0,2.9,13.17,6.4
"560",2018-07-14,23.3,0.4,3.2,10.58,7.2
"561",2018-07-15,23.1,0.2,5.2,9.92,10.9
"562",2018-07-16,22.3,0,4.6,11.92,9.3
"563",2018-07-17,21.2,3,4.3,9.5,8.9
"564",2018-07-18,22.7,0,3,13.08,6.5
"565",2018-07-19,23.3,0,3.2,12.42,7.1
"566",2018-07-20,23.2,0,5.1,7.08,10.7
"567",2018-07-21,20.1,0,6.5,0.92,13.2
"568",2018-07-22,19.8,0.8,3.6,3.83,7.6
"569",2018-07-23,20.9,0,2.4,6.75,5.4
"570",2018-07-24,23.4,0,3.3,13.17,7.4
"571",2018-07-25,25,0,4,12.67,8.7
"572",2018-07-26,24.8,0,4.6,13.08,9.5
"573",2018-07-27,24.7,0,3,12.92,6.9
"574",2018-07-28,21.1,0.6,5.4,2.42,11
"575",2018-07-29,23.6,0,3.5,12.92,7.6
"576",2018-07-30,26,0,3.4,12.42,7.4
"577",2018-07-31,27,0,3.6,12,7.7
"578",2018-08-01,25.6,2.8,4.2,8.5,8.9
"579",2018-08-02,24.7,0.2,3.9,12.08,9
"580",2018-08-03,26.7,0,5.3,12.25,10.7
"581",2018-08-04,27.3,0,3.6,11.08,7.5
"582",2018-08-05,27.5,0,5,11,10.3
"583",2018-08-06,26.2,1,3.7,10.08,8
"584",2018-08-07,25.6,0,4.8,6.58,9.8
"585",2018-08-08,23.9,3.4,4.2,5.08,8.6
"586",2018-08-09,22.7,3.6,5.3,7.25,10.9
"587",2018-08-10,19,1.4,3.7,3.17,8.2
"588",2018-08-11,19.6,0,4.4,12,9.2
"589",2018-08-12,21,0,3.2,12.83,7
"590",2018-08-13,20.2,15.8,5.3,4.67,11.1
"591",2018-08-14,19.2,1.8,4.4,2.75,8.9
"592",2018-08-15,20.7,0.2,2.7,12.08,5.9
"593",2018-08-16,21.4,0,2.4,12.25,5.3
"594",2018-08-17,20.5,29.4,4,6.67,8.7
"595",2018-08-18,21.2,0.2,1.8,5.67,4.4
"596",2018-08-19,23,0,2.3,10.83,5
"597",2018-08-20,23.9,0,3.3,11.67,6.9
"598",2018-08-21,23.7,0,3.2,11.67,6.8
"599",2018-08-22,24.5,0,3.1,11.75,6.5
"600",2018-08-23,23.2,2,6.1,8.67,11.9
"601",2018-08-24,19.4,9.2,7.7,5.33,15.5
"602",2018-08-25,14.7,9.2,4.8,0,10.1
"603",2018-08-26,13.7,0,3.3,11.08,6.9
"604",2018-08-27,18.4,0,3.8,6.92,7.8
"605",2018-08-28,21.3,0,3.1,11.17,6.6
"606",2018-08-29,19.8,5.2,5,6.67,10.5
"607",2018-08-30,17.7,0.2,5.4,0.75,11.3
"608",2018-08-31,14.9,24.2,3.3,0,7.1
"609",2018-09-01,13.8,2.4,3.3,0,6.5
"610",2018-09-02,14,0.2,2.2,0,4.8
"611",2018-09-03,16.4,0,1.8,3.75,4
"612",2018-09-04,17.9,0,2.8,11.25,6.3
"613",2018-09-05,18.2,0,2,10.25,4.6
"614",2018-09-06,19.5,0,3.9,8,8.3
"615",2018-09-07,19.2,0,5.5,5.33,11.5
"616",2018-09-08,18.6,0,2.4,10.42,5.3
"617",2018-09-09,18.6,0,2.4,11.17,5.2
"618",2018-09-10,19.6,0,2.7,10.58,5.6
"619",2018-09-11,20.6,0,2.6,11.08,5.5
"620",2018-09-12,21.7,0,3,10.67,6.5
"621",2018-09-13,20.5,30.4,3.7,8.5,8
"622",2018-09-14,19.1,0.8,2.6,7.33,5.5
"623",2018-09-15,18.7,0,2.9,8.17,6.2
"624",2018-09-16,16.7,0,1.3,6.25,3
"625",2018-09-17,19.2,0.2,1.8,10.67,4.2
"626",2018-09-18,19.1,3.6,2.3,6.08,5.2
"627",2018-09-19,19.7,0.2,1.6,10.58,3.8
"628",2018-09-20,20.5,0,1.9,10.58,4.3
"629",2018-09-21,18.3,3,5,5.17,11
"630",2018-09-22,14.9,0.4,3.3,8.17,7.1
"631",2018-09-23,19.7,10.6,9.3,4.42,20.1
"632",2018-09-24,11,0.2,4.4,4.58,9.7
"633",2018-09-25,9.8,0,6.8,10.25,13.7
"634",2018-09-26,10.4,0,2.1,10.83,4.5
"635",2018-09-27,13.2,0.2,1.4,10.25,3.1
"636",2018-09-28,15.5,0,2.6,9.58,5.3
"637",2018-09-29,13.9,0,8.4,6.25,16.9
"638",2018-09-30,13.8,7.4,2.9,8.67,6.1
"639",2018-10-01,10.8,11.4,4.9,0.42,10.1
"640",2018-10-02,9.7,0,4.3,4.67,9.2
"641",2018-10-03,12.7,0,3.2,0.08,6.8
"642",2018-10-04,12.3,0,3.4,7.25,7.2
"643",2018-10-05,12.9,0,1.2,9.83,2.6
"644",2018-10-06,14.5,0.2,1.8,4.5,4.1
"645",2018-10-07,15.5,0,2.5,8.17,5.6
"646",2018-10-08,13.7,0,1.8,6,4
"647",2018-10-09,15,0,1.8,5.25,3.8
"648",2018-10-10,15,0,3.3,5.42,7.5
"649",2018-10-11,12.7,0.2,1.3,4.42,3
"650",2018-10-12,14.6,0,1.7,9.17,3.5
"651",2018-10-13,14.1,0.2,1,9.25,2.4
"652",2018-10-14,13,0.2,1.1,6.75,2.6
"653",2018-10-15,12.6,0,1.6,9.17,3.7
"654",2018-10-16,12,0,1.3,8.75,2.7
"655",2018-10-17,11.9,0,1.6,9.17,3.4
"656",2018-10-18,12.2,0,2.9,8.17,5.8
"657",2018-10-19,10.6,0.2,1.7,3.67,3.9
"658",2018-10-20,11.8,0,2.2,7,4.9
"659",2018-10-21,9.8,0,3,4.33,6.3
"660",2018-10-22,6.9,0.2,2.2,8.33,4.8
"661",2018-10-23,8.7,0,3.6,5.42,7.3
"662",2018-10-24,12.6,0,6.1,2.08,12.9
"663",2018-10-25,12.1,0,2.2,8.58,4.8
"664",2018-10-26,10.7,0,4.2,4.33,9
"665",2018-10-27,6.8,22,5,0,10.3
"666",2018-10-28,3.3,9,8.2,0,16.5
"667",2018-10-29,5.1,13.2,6.3,0,12.9
"668",2018-10-30,5.1,3.6,7.5,0,15.8
"669",2018-10-31,3.9,0,2.4,0.5,4.9
"670",2018-11-01,7.3,0.2,3.6,5.08,7.4
"671",2018-11-02,8.4,0,1.2,0.58,2.6
"672",2018-11-03,10.5,0,4.5,1.75,9
"673",2018-11-04,9.6,0,3.2,0,7.4
"674",2018-11-05,8.5,0,1.6,2,3.7
"675",2018-11-06,8.1,0.2,1.9,1.25,4.5
"676",2018-11-07,9.1,0,2.7,6.67,5.8
"677",2018-11-08,10.7,0.6,3,2.33,6.2
"678",2018-11-09,9.3,0,2.6,4.5,5.6
"679",2018-11-10,8.2,0.2,2.2,2.75,5
"680",2018-11-11,10,2.2,1.9,4.42,4.6
"681",2018-11-12,8.6,0.2,1.4,3.83,3.2
"682",2018-11-13,8,1.2,2.2,0,4.9
"683",2018-11-14,7.1,0,2.9,0,5.9
"684",2018-11-15,6.8,0.2,2.5,0,5.5
"685",2018-11-16,5.2,0,6.3,0,12.5
"686",2018-11-17,4.2,0.2,6.8,2.67,13.5
"687",2018-11-18,0.5,0,3.9,0.42,8
"688",2018-11-19,1,0,9.4,0,18
"689",2018-11-20,0.6,0,5.5,0,11
"690",2018-11-21,0.8,0,2.6,0,5.6
"691",2018-11-22,1.4,0,1.6,1.17,3.5
"692",2018-11-23,1.3,0.2,3.7,0,7.4
"693",2018-11-24,5.1,0.2,3.6,4.75,7.3
"694",2018-11-25,2.3,0.4,2.5,0,5.4
"695",2018-11-26,3.1,0.8,1.9,0,4.2
"696",2018-11-27,3,3.6,1.1,0,3
"697",2018-11-28,2.6,0,1.3,1,3.1
"698",2018-11-29,2.6,0,1.2,0,2.9
"699",2018-11-30,4,1.2,1.9,0,4.3
"700",2018-12-01,6.2,0.2,3.1,3.67,6.3
"701",2018-12-02,7.5,17.4,6.3,0,13.8
"702",2018-12-03,11.1,13.2,10.2,0.08,21.5
"703",2018-12-04,8.4,9.6,5.9,0.75,12.3
"704",2018-12-05,6.4,0,1.9,0,4.3
"705",2018-12-06,8.7,2.4,4.5,1.08,9.4
"706",2018-12-07,9.9,7.4,8.4,1.5,17.6
"707",2018-12-08,6.3,3.4,14.5,0,30
"708",2018-12-09,6.7,17.2,13.5,0.25,28.8
"709",2018-12-10,4.5,3,6.6,0.33,13.8
"710",2018-12-11,1.4,0.4,2.5,5.33,5
"711",2018-12-12,-1.5,0,3.1,2.5,6.4
"712",2018-12-13,0.2,0,5.5,4,11.3
"713",2018-12-14,-1.2,0,5.9,1.08,11.4
"714",2018-12-15,-2,0,4.3,0.25,8.6
"715",2018-12-16,0.1,3.2,2.2,0,4.9
"716",2018-12-17,2.2,4,3.5,0,6.9
"717",2018-12-18,-1.4,0,1.7,0,3.9
"718",2018-12-19,0.4,1,2,1.08,4.4
"719",2018-12-20,5.4,0.2,6.4,2.5,13.4
"720",2018-12-21,6.5,17.6,9.3,0,19.5
"721",2018-12-22,9.8,9,11.8,0.17,24.9
"722",2018-12-23,8.9,8.4,9,0,18.5
"723",2018-12-24,6.4,13.8,6.2,1.08,13.2
"724",2018-12-25,1,0.2,2.1,1.83,4.4
"725",2018-12-26,-0.2,0,2.7,3.92,5.7
"726",2018-12-27,-1.2,0,2.4,1.08,5.1
"727",2018-12-28,0.9,0,2.7,3.42,5.8
"728",2018-12-29,0.7,0,4.2,0,8.5
"729",2018-12-30,2.6,0.2,5.3,0,10.7
"730",2018-12-31,4.5,2.4,2.4,0,5.2
"731",2019-01-01,4.2,0,5.7,0.17,11.7
"732",2019-01-02,1.8,3.2,4.6,1.17,9.9
"733",2019-01-03,-1.9,0.2,2.1,2.17,4.4
"734",2019-01-04,-0.3,0,2.6,5.5,5.2
"735",2019-01-05,0.6,6.6,7.4,0,14.4
"736",2019-01-06,1.7,3.4,5.9,0,11.6
"737",2019-01-07,2.2,0.2,2.8,0,5.9
"738",2019-01-08,2.3,3,9.9,0.25,21
"739",2019-01-09,1.2,1.4,5.2,0,11.4
"740",2019-01-10,-0.6,3.8,1.5,0,3.6
"741",2019-01-11,-1.2,1.4,3.8,2.58,7.9
"742",2019-01-12,1.1,2.2,8,0,16.2
"743",2019-01-13,3.4,12.8,14.9,0,30.3
"744",2019-01-14,3.9,8,6.2,1,13.6
"745",2019-01-15,1.8,0,4,4.92,7.7
"746",2019-01-16,0.9,0.2,2.8,7.58,5.7
"747",2019-01-17,4.3,2.8,7.9,0,17.1
"748",2019-01-18,-0.2,1,3.1,5.08,6.4
"749",2019-01-19,-3.5,0.2,1.6,6.5,3.3
"750",2019-01-20,-2.9,0,1.3,2.58,2.5
"751",2019-01-21,-1.1,0,2.4,3.75,5
"752",2019-01-22,-1.2,0,2.6,0,5.4
"753",2019-01-23,-2.1,0,4.5,5.5,9
"754",2019-01-24,-1.7,0,2.9,0,6.2
"755",2019-01-25,-2.1,0,4,4.83,8.1
"756",2019-01-26,1.4,0.2,7.2,0,14.2
"757",2019-01-27,4,2.8,8.6,1,17.7
"758",2019-01-28,1.4,0.6,11.5,1.92,23.3
"759",2019-01-29,0.7,0,3.8,4,7.8
"760",2019-01-30,0.4,0,7.9,3.25,16.7
"761",2019-01-31,-1.2,0.4,2.8,2,5.3
"762",2019-02-01,1.5,2.8,2.4,0.25,4.9
"763",2019-02-02,1.5,0.8,1.9,0,4.2
"764",2019-02-03,0.8,8.2,1.6,0,3.5
"765",2019-02-04,-1.4,1.4,1,3.08,2.2
"766",2019-02-05,-3.1,0.2,2.2,0.92,4.6
"767",2019-02-06,-3,0,3.1,0,6.2
"768",2019-02-07,0,5.6,4.8,0.42,9.8
"769",2019-02-08,3.1,0,3.7,7.67,7.1
"770",2019-02-09,6.7,1.2,7.8,2.58,16.7
"771",2019-02-10,6.6,5.2,7.8,0.33,16.7
"772",2019-02-11,2.5,3.6,7.8,1.83,15.8
"773",2019-02-12,2.4,0.4,4.2,4.75,8.6
"774",2019-02-13,1,0,2.5,8.25,5
"775",2019-02-14,2.3,0,1.8,8.92,3.8
"776",2019-02-15,2.6,0,1.9,8.75,3.7
"777",2019-02-16,3.1,0,1.5,9.17,3
"778",2019-02-17,3.7,0,1.2,9.33,2.5
"779",2019-02-18,4.1,0,2.1,9.08,4
"780",2019-02-19,7.1,0,4.6,8.25,8.7
"781",2019-02-20,5.7,0,2.2,8.5,4.6
"782",2019-02-21,6.6,0,2.7,9,5.2
"783",2019-02-22,7.9,0,3.3,1.67,6.6
"784",2019-02-23,5.1,0,8.8,6.67,17.1
"785",2019-02-24,3.2,0,3.6,9.17,7
"786",2019-02-25,5.4,0,3.4,9.5,7.1
"787",2019-02-26,5.8,0,2.5,9,5.1
"788",2019-02-27,6.7,0,2.4,9.17,4.9
"789",2019-02-28,9.8,0,7.9,9.08,15.8
"790",2019-03-01,7.5,8.4,9.4,0,20
"791",2019-03-02,7.4,0,5.6,2.5,11.7
"792",2019-03-03,10.2,0,8.2,7.25,17
"793",2019-03-04,7.6,1.8,12.1,1.08,25.4
"794",2019-03-05,7.4,0.4,10.6,5.75,22
"795",2019-03-06,6.2,0,2.5,6.75,5.1
"796",2019-03-07,7.4,1,7.8,4.08,17.2
"797",2019-03-08,7.1,0.8,7.9,2.92,16.2
"798",2019-03-09,9,1.4,12.9,0.5,26.8
"799",2019-03-10,10.1,14,13.3,1.42,28.8
"800",2019-03-11,3.4,3.2,9.9,2.08,20.5
"801",2019-03-12,5.4,0,6.8,8.75,13.3
"802",2019-03-13,5.2,5.2,10.4,3.42,21.9
"803",2019-03-14,4,15,13.8,0,28
"804",2019-03-15,7.9,14.4,11.9,0,24.6
"805",2019-03-16,12,0,11.4,9.25,23.5
"806",2019-03-17,8.7,2.2,7.9,2.17,16.5
"807",2019-03-18,4,0.2,6.2,0.83,12.6
"808",2019-03-19,2.6,0.2,2.8,5.58,5.9
"809",2019-03-20,3.7,0,4.6,10.67,8.9
"810",2019-03-21,5.3,0,3.6,10.75,7.5
"811",2019-03-22,7.6,0,2.6,11.25,5.6
"812",2019-03-23,8.9,0,2.4,10.67,4.9
"813",2019-03-24,10,0,4.6,10.67,9.3
"814",2019-03-25,7.1,0,5.8,4,11.6
"815",2019-03-26,4.8,0.2,4.9,5,9.7
"816",2019-03-27,4.7,0,5.9,7.25,11.1
"817",2019-03-28,7.1,0,7.2,10.75,14.2
"818",2019-03-29,8.4,0,2.6,10.92,5.6
"819",2019-03-30,9.3,0,2.9,11.08,6.1
"820",2019-03-31,10,0,4.2,10.83,8.4
"821",2019-04-01,9.8,0,3.8,10.92,7.6
"822",2019-04-02,11.8,0.4,3.5,9.33,7.4
"823",2019-04-03,10.2,0,6.2,7.67,13
"824",2019-04-04,2.6,15.4,4.6,0,9.2
"825",2019-04-05,4.5,0.4,3.6,2.25,7.4
"826",2019-04-06,6.5,0,3.3,8.5,6.8
"827",2019-04-07,9.5,0,6.9,7.42,13.6
"828",2019-04-08,10.5,0,3.9,2.67,8.3
"829",2019-04-09,9.6,2,2.3,3.58,4.9
"830",2019-04-10,7.6,2.6,2.6,0.42,5.4
"831",2019-04-11,8.2,0.2,6.1,0,12.1
"832",2019-04-12,6.9,0,4.8,6.92,9.4
"833",2019-04-13,5.6,1.2,4.3,3.33,8.5
"834",2019-04-14,2.2,10.8,3.3,0,6.7
"835",2019-04-15,7,0,3.5,7,7.1
"836",2019-04-16,9.9,0,4.8,8.83,10
"837",2019-04-17,12.5,1.4,3.7,8.25,7.8
"838",2019-04-18,12.7,0,4.2,12.17,8.4
"839",2019-04-19,13.5,0,2.7,9.67,5.8
"840",2019-04-20,14.5,0,4.7,12,9.4
"841",2019-04-21,14.6,0,3.1,9.5,6.5
"842",2019-04-22,14.3,0,3.6,7.67,7.6
"843",2019-04-23,15.1,0,2.7,8.25,5.8
"844",2019-04-24,14.6,0,5.9,10.08,12.3
"845",2019-04-25,13.9,0,7.2,9.08,14.8
"846",2019-04-26,7.6,7.4,6,1.58,12.3
"847",2019-04-27,7.5,4.6,5.7,2.33,12.5
"848",2019-04-28,6.5,0.8,6.8,5.08,13.6
"849",2019-04-29,7.2,0.2,3.4,1.83,7
"850",2019-04-30,9.1,0,2.5,1.67,5.2
"851",2019-05-01,10.3,0,3.5,9.42,7.4
"852",2019-05-02,10.7,2.8,4.5,7.42,9.7
"853",2019-05-03,9.3,3.2,4.7,0.75,9.7
"854",2019-05-04,6.9,6.2,6.4,1.83,13.3
"855",2019-05-05,4.4,1,5.3,2,10.6
"856",2019-05-06,5.8,0.2,2.8,4.25,6
"857",2019-05-07,8.4,0,3.3,11.58,7
"858",2019-05-08,8.6,19.8,3.9,0,8.1
"859",2019-05-09,10.5,1.6,9.3,6.83,19.8
"860",2019-05-10,11.7,2.4,4.5,4.08,9.4
"861",2019-05-11,10.7,12.8,7.3,2.5,15.7
"862",2019-05-12,9.3,0.2,6.1,5.75,12.2
"863",2019-05-13,9.3,0,8.7,7.67,17.7
"864",2019-05-14,8.8,0,7.3,10.92,14.8
"865",2019-05-15,8.7,0,8.9,5,18.1
"866",2019-05-16,8.4,0,4.5,8.92,9.4
"867",2019-05-17,11.9,0.6,4.5,11.33,9.1
"868",2019-05-18,13.9,0.2,3.5,9.17,7.2
"869",2019-05-19,13.9,18.6,3.3,3.25,6.9
"870",2019-05-20,11.5,33.6,6.4,0,12.8
"871",2019-05-21,11.3,14,6.9,0,14.8
"872",2019-05-22,14.1,2.4,3.2,7.83,6.9
"873",2019-05-23,14.3,0,3.4,13.58,7.4
"874",2019-05-24,15.3,0,2.5,13.75,5.6
"875",2019-05-25,14.1,4,2.8,5,6.1
"876",2019-05-26,15.5,0.2,2.9,7.42,6.3
"877",2019-05-27,16.6,0,3.9,7.17,7.9
"878",2019-05-28,12.7,4.6,5.9,0.5,12.2
"879",2019-05-29,11.4,7.2,4,4.08,8.4
"880",2019-05-30,13,0,2.5,9.08,5.4
"881",2019-05-31,17.2,0,4.4,11.42,9.2
"882",2019-06-01,18.7,0,3.6,13.75,7.4
"883",2019-06-02,20.5,0,2.6,13.67,5.8
"884",2019-06-03,21.3,0,4,9.67,8.6
"885",2019-06-04,22.4,0,3.3,13.42,7.1
"886",2019-06-05,23.4,0,5.6,11.67,11.5
"887",2019-06-06,15,0,6.5,1.92,13.6
"888",2019-06-07,16.2,0,6,8.42,13.1
"889",2019-06-08,17.5,0,5.8,10.83,12.9
"890",2019-06-09,14.1,1.4,2.1,2.17,4.8
"891",2019-06-10,14.9,23.4,2.7,0.83,6.2
"892",2019-06-11,14.5,15.2,4,1.67,8.3
"893",2019-06-12,15.8,6.6,5.4,7.75,11.1
"894",2019-06-13,18.4,0,3.4,11.75,7.7
"895",2019-06-14,19.5,0,3.8,11,8.2
"896",2019-06-15,19.4,20,6.4,9.92,13.4
"897",2019-06-16,16.7,0,3.9,5.83,8.1
"898",2019-06-17,18.6,0,4.8,12,9.6
"899",2019-06-18,21.4,0,3.4,10.33,7.3
"900",2019-06-19,22.9,0,3.8,13.25,8.3
"901",2019-06-20,19.1,5.2,5.3,5.17,10.7
"902",2019-06-21,18.8,0,3.4,6.42,7
"903",2019-06-22,17.8,10.8,2.3,0.58,4.9
"904",2019-06-23,19.9,0,3.6,9.67,8
"905",2019-06-24,22.4,0,3.4,12.92,7.1
"906",2019-06-25,24.7,0,2.3,13.58,4.9
"907",2019-06-26,27.1,0,2.7,13.33,5.7
"908",2019-06-27,27.9,0,3.9,12.75,8
"909",2019-06-28,25.9,0,5.6,12.92,11.1
"910",2019-06-29,24.1,0,4.6,13.67,9.1
"911",2019-06-30,26.6,0,4.5,13.83,9.3
"912",2019-07-01,28.2,0,6.4,11.83,12.6
"913",2019-07-02,22.9,12.6,4.4,8.67,9.3
"914",2019-07-03,21.3,0,5.6,11.42,11
"915",2019-07-04,21.6,0,5,13.5,10
"916",2019-07-05,23.4,0,4.9,13.58,10.1
"917",2019-07-06,21.2,0,5.3,8.25,10.8
"918",2019-07-07,21,12.4,6.1,6.17,12.4
"919",2019-07-08,19.2,0,4,6.33,8.4
"920",2019-07-09,18.5,0,5.4,7.92,11.2
"921",2019-07-10,17.4,0,4.9,13.17,10
"922",2019-07-11,16.8,0.2,2.8,2.92,5.6
"923",2019-07-12,18,4.2,3.8,4.92,8.5
"924",2019-07-13,18.9,6.6,4.2,10.75,9.1
"925",2019-07-14,18.4,7.6,5.8,11.17,12
"926",2019-07-15,18.4,5,5.6,6.75,11.2
"927",2019-07-16,20,0,2.5,13,5.4
"928",2019-07-17,21.6,0,4.7,13.25,9.7
"929",2019-07-18,21.5,0,3.9,8.83,8
"930",2019-07-19,23.4,0,5,11.92,10.1
"931",2019-07-20,24,0,4.7,11.33,9.8
"932",2019-07-21,23.5,1.4,4.5,7.42,9.3
"933",2019-07-22,24.9,0,2.4,12.42,5.3
"934",2019-07-23,25.3,0,3.2,13.33,7
"935",2019-07-24,26.6,0,3,13.08,6.4
"936",2019-07-25,26.9,0,3.4,11.25,6.9
"937",2019-07-26,27.5,0,5.2,10.75,10.9
"938",2019-07-27,22.3,3,5.1,5.25,10.6
"939",2019-07-28,17.2,39.6,6,0,12.4
"940",2019-07-29,19.9,0,4.7,7,9.8
"941",2019-07-30,22.7,0,6,11.5,12.3
"942",2019-07-31,19.1,6.4,5,5.92,10
"943",2019-08-01,20.5,0,2.9,11.42,6.2
"944",2019-08-02,18.6,5.8,4.3,4,8.5
"945",2019-08-03,20.4,0,4.8,11.08,9.8
"946",2019-08-04,20.3,0,2.5,12.33,5.3
"947",2019-08-05,22.9,3.6,4.1,8.67,8.3
"948",2019-08-06,19.8,36,3.4,2.17,7.7
"949",2019-08-07,18,16.8,3.2,0.75,6.9
"950",2019-08-08,20.2,0.2,2.3,10.17,5.1
"951",2019-08-09,23.1,0,2.3,10.67,4.7
"952",2019-08-10,20.4,9.4,6.1,3.67,12.1
"953",2019-08-11,20.2,4,4.9,10.08,10.2
"954",2019-08-12,16.6,5.6,3.3,1.5,6.9
"955",2019-08-13,16.3,0,4.1,6.75,8.6
"956",2019-08-14,16.8,0,2.8,10.75,5.9
"957",2019-08-15,15.9,4.4,4,5.08,8.8
"958",2019-08-16,18.7,0,2.9,10.75,6.1
"959",2019-08-17,18.7,0,2.2,1.5,4.7
"960",2019-08-18,23,0.2,3.2,11.92,7
"961",2019-08-19,19.2,28.2,4,2.75,8.7
"962",2019-08-20,15.6,9.2,2.3,0,4.9
"963",2019-08-21,15.9,0.4,5.6,5,11.7
"964",2019-08-22,15.3,0,2.7,4,5.8
"965",2019-08-23,16.3,0,2.6,3.58,5.9
"966",2019-08-24,18.3,0.2,2.4,7.58,5.3
"967",2019-08-25,20.2,0,2.6,12,5.7
"968",2019-08-26,20.5,0,2.6,11.83,5.9
"969",2019-08-27,21.8,0,2.6,11.25,5.9
"970",2019-08-28,23.8,0,3,6.83,6.3
"971",2019-08-29,22.6,0,3.7,6.5,7.5
"972",2019-08-30,21.8,0,2.8,11.5,6.3
"973",2019-08-31,21.9,0,3.6,9.5,7.5
"974",2019-09-01,20,5.8,4.1,2.17,8.4
"975",2019-09-02,16,1.2,2,0,4.7
"976",2019-09-03,14.9,0.2,2.2,8.92,4.9
"977",2019-09-04,16.8,0.2,2.8,11.58,6
"978",2019-09-05,14.1,0.2,3.8,1.58,7.6
"979",2019-09-06,13.4,1.8,3.7,1.25,7.5
"980",2019-09-07,14.4,0.8,4.2,2.67,8.9
"981",2019-09-08,11.2,29.2,3.4,0,7
"982",2019-09-09,12.5,0.8,4.6,6.08,10.1
"983",2019-09-10,14.1,0,3,9.5,6.4
"984",2019-09-11,15,0,2.9,7.92,6
"985",2019-09-12,17.4,0,2.5,10.67,5.1
"986",2019-09-13,17.5,0,2,11.08,4.5
"987",2019-09-14,17.5,0,2.2,6.92,5
"988",2019-09-15,18.8,0,2.9,10.5,5.9
"989",2019-09-16,20.3,0,3.3,10.67,6.9
"990",2019-09-17,18.4,0,2.9,8,6.3
"991",2019-09-18,14.9,0,7.6,8.75,15.2
"992",2019-09-19,11.7,0,6.4,10.42,12.3
"993",2019-09-20,11.2,0,4.6,10.67,9.4
"994",2019-09-21,12.4,0,1.9,10.5,3.9
"995",2019-09-22,16.2,0,1.2,6.58,2.7
"996",2019-09-23,14.7,15.4,5.7,4.17,11.6
"997",2019-09-24,11.9,1.8,2.3,0.33,5
"998",2019-09-25,14.7,2.4,3.8,2.67,8.2
"999",2019-09-26,15,2.8,4.7,0.67,10
"1000",2019-09-27,17.5,0.8,4.6,6.58,10.1
"1001",2019-09-28,15.3,7.8,5.1,7.5,10.5
"1002",2019-09-29,16.3,0,6,10.08,12.4
"1003",2019-09-30,16.2,0,7.5,7.67,16.4
"1004",2019-10-01,15,1.4,3.7,8.33,8.1
"1005",2019-10-02,12.9,12.6,6.1,1.67,13.2
"1006",2019-10-03,8.4,0.2,2.5,7.25,5.4
"1007",2019-10-04,9.2,2,4.5,0,9.8
"1008",2019-10-05,11.9,6.8,6.4,0.08,13.6
"1009",2019-10-06,11.3,9.6,2.8,0,6.6
"1010",2019-10-07,10.8,1,4.1,5,8.4
"1011",2019-10-08,13,0.2,5,3.33,10.4
"1012",2019-10-09,12.2,31.4,5.8,0,12.5
"1013",2019-10-10,11.4,1,8.1,3.92,16.8
"1014",2019-10-11,10.2,0.2,2.5,9.33,5.3
"1015",2019-10-12,12.9,0.2,3,9.42,6.2
"1016",2019-10-13,15,0,2,8.5,4.2
"1017",2019-10-14,14,0.2,1,9.33,2.4
"1018",2019-10-15,11.4,9.8,4.4,1.08,9.4
"1019",2019-10-16,11.1,0.2,4.1,9.42,8.8
"1020",2019-10-17,12,0.2,2,6.92,4.4
"1021",2019-10-18,13.1,1.4,2,3.42,4.6
"1022",2019-10-19,12.6,6.2,2.6,2.08,5.8
"1023",2019-10-20,11.4,0,1.5,2.42,3.6
"1024",2019-10-21,13.5,0.8,2.4,1.75,5.6
"1025",2019-10-22,13.1,0,1.6,0,3.4
"1026",2019-10-23,12.8,0,3.7,2,7.5
"1027",2019-10-24,13.5,0.2,3.1,1.17,6.8
"1028",2019-10-25,13.3,0.2,2.4,5.17,5
"1029",2019-10-26,10,0.2,1,5.42,2.1
"1030",2019-10-27,12.5,0.2,1.8,8.08,3.8
"1031",2019-10-28,10.8,4,3.4,0,6.7
"1032",2019-10-29,7.7,6.2,4.5,0,8.7
"1033",2019-10-30,6.8,11.2,5,0,9.8
"1034",2019-10-31,6.9,0.2,4.3,0,8.3
"1035",2019-11-01,10,1,2.5,0,5.7
"1036",2019-11-02,13.2,3.2,4.7,3.08,10.4
"1037",2019-11-03,10.5,6.8,4.7,0,10.8
"1038",2019-11-04,10.6,3.8,7.7,3,16.5
"1039",2019-11-05,8.9,2.2,2.8,2.58,6.3
"1040",2019-11-06,7.4,1.2,3.7,1.42,8
"1041",2019-11-07,5.4,2.4,2.2,1.92,4.8
"1042",2019-11-08,4.5,9.8,2.6,0,6.2
"1043",2019-11-09,4.8,0,1.8,1.83,4.5
"1044",2019-11-10,3.1,0,2,3.08,4.4
"1045",2019-11-11,4.2,0.6,3.1,2.5,6.8
"1046",2019-11-12,5.4,0.2,4.6,6.33,9.5
"1047",2019-11-13,3.7,0,2.9,2,6.2
"1048",2019-11-14,2,0,1.9,3.83,3.7
"1049",2019-11-15,3.4,0.2,3.4,0.92,7.3
"1050",2019-11-16,3.4,0,1.9,6.25,4.2
"1051",2019-11-17,3.7,2.6,3,0,6.6
"1052",2019-11-18,4.6,0,6.5,1.67,13.1
"1053",2019-11-19,2.8,0,1.2,3.5,2.8
"1054",2019-11-20,4.7,0,1.9,0,3.9
"1055",2019-11-21,4.6,0,2.4,0,5.1
"1056",2019-11-22,4,0,4.4,0,9.6
"1057",2019-11-23,3.8,0,2.1,0,4.9
"1058",2019-11-24,5.3,0,1,1,2.6
"1059",2019-11-25,5.9,0,1.1,0,2.9
"1060",2019-11-26,6.6,0.2,0.7,3,1.9
"1061",2019-11-27,7.9,3.6,4.9,2.67,10.6
"1062",2019-11-28,9,3.4,11.7,0.67,24.6
"1063",2019-11-29,7.2,7.6,7.8,0,16.4
"1064",2019-11-30,3.4,3,2,4.08,4.7
"1065",2019-12-01,2.3,0.4,3.3,0,6.5
"1066",2019-12-02,2.3,2,4.2,0,8.7
"1067",2019-12-03,-0.3,0,3.3,6.92,6.7
"1068",2019-12-04,-0.6,0,2,0,4.1
"1069",2019-12-05,0.9,0,3.1,0,7.2
"1070",2019-12-06,2.7,0,6.2,6.83,12.3
"1071",2019-12-07,7.6,0.8,4.3,1.33,9.1
"1072",2019-12-08,8.3,0.6,8.8,5.92,17.6
"1073",2019-12-09,6.9,5.4,12,1.17,24.7
"1074",2019-12-10,2,0.4,2.2,0.67,5.1
"1075",2019-12-11,-0.7,2,1.6,0,3.9
"1076",2019-12-12,1.9,3.2,3.6,2.25,8
"1077",2019-12-13,2.3,4.6,8.7,1,18.5
"1078",2019-12-14,7.3,0.6,11.9,1.75,25.1
"1079",2019-12-15,9.5,0,5.7,0.5,12
"1080",2019-12-16,3.5,0,0.6,2.75,1.8
"1081",2019-12-17,4,0.2,0.3,0.25,1.4
"1082",2019-12-18,4.8,0,1,1.92,2.7
"1083",2019-12-19,3.3,0.2,1,3.92,2.5
"1084",2019-12-20,4.1,3.2,2.5,0.25,6
"1085",2019-12-21,4.8,1.4,2.3,1.42,5.2
"1086",2019-12-22,5.3,6.4,5.8,0.08,12.7
"1087",2019-12-23,5.5,2.8,9.4,0.08,19.2
"1088",2019-12-24,5.8,1.6,6.9,0,14.4
"1089",2019-12-25,6.3,1.4,6.9,1.33,14.7
"1090",2019-12-26,2.9,1,3.1,0.75,6.8
"1091",2019-12-27,5.9,0.8,4.2,0.08,8.8
"1092",2019-12-28,3.1,0.6,5.8,1.67,11.5
"1093",2019-12-29,-0.5,9.4,4.7,2.83,9.3
"1094",2019-12-30,-0.5,0,2.9,2.92,6.5
"1095",2019-12-31,-0.5,0,2,0,5.1
"1096",2020-01-01,-1,0,2.4,0,5.5
"1097",2020-01-02,-0.8,0,3.5,0,7.4
"1098",2020-01-03,2.9,0,4.9,3.17,9.5
"1099",2020-01-04,5.4,0.6,5.3,0.17,11.2
"1100",2020-01-05,1.4,0,2,6.5,4
"1101",2020-01-06,-0.9,0,1.7,3.58,4.1
"1102",2020-01-07,2.4,0.2,3,0,6.1
"1103",2020-01-08,1.5,0,1.2,3.17,2.9
"1104",2020-01-09,4.9,0,3.7,6.67,7.2
"1105",2020-01-10,7.6,0,6.6,5,13.8
"1106",2020-01-11,3.4,0.8,1.5,2.42,3.3
"1107",2020-01-12,0.4,0.2,2,7.42,4.3
"1108",2020-01-13,0.3,0,0.9,5.58,2.1
"1109",2020-01-14,1.9,0.2,3.1,7.58,6.7
"1110",2020-01-15,4,0,3.4,6.92,7.2
"1111",2020-01-16,5.7,0,2.4,6.35,5.1
"1112",2020-01-17,2.9,1.6,2.5,3.08,6
"1113",2020-01-18,3.5,1.4,3.4,1.58,7.8
"1114",2020-01-19,0.3,0.2,2,2.92,4.6
"1115",2020-01-20,0,0,5.8,3.67,12.2
"1116",2020-01-21,-1.9,0,2,6.27,4.7
"1117",2020-01-22,-2.1,0,2.6,0.33,6.1
"1118",2020-01-23,-2.4,0,4.4,0,10.5
"1119",2020-01-24,-1.2,0,0.9,4.5,3.3
"1120",2020-01-25,-0.8,0,0.5,4.67,1.5
"1121",2020-01-26,0.7,0.2,1,5,2.8
"1122",2020-01-27,5.6,2,3.9,5,9.1
"1123",2020-01-28,4.3,13,9.4,0.67,21.8
"1124",2020-01-29,3.3,5.2,5.2,0.17,15.4
"1125",2020-01-30,5.7,5.4,5.4,5.85,11.7
"1126",2020-01-31,10.1,0.4,7,4.75,15.5
"1127",2020-02-01,10.1,4.4,7.8,2.67,17.8
"1128",2020-02-02,10.6,7.8,11.2,0,24.4
"1129",2020-02-03,12,14.4,12.1,0,27.4
"1130",2020-02-04,5.1,14.2,8.5,1.08,21.7
"1131",2020-02-05,2.2,0,2,4.75,5.6
"1132",2020-02-06,-0.4,0.2,2.4,7.73,5
"1133",2020-02-07,-0.4,0,1.2,8.48,2.6
"1134",2020-02-08,0.4,0,0.9,8.42,2.2
"1135",2020-02-09,5.4,0,6.6,7.17,13.8
"1136",2020-02-10,10.2,14.4,18,2.58,39.2
"1137",2020-02-11,5,8.4,8.4,0.58,24.3
"1138",2020-02-12,4.2,0.2,2.2,2.98,12.8
"1139",2020-02-13,3.7,13.4,2.3,1.25,6.3
"1140",2020-02-14,5.5,3.8,1.5,2.53,5.9
"1141",2020-02-15,4.2,0,0,7.55,0.2
"1142",2020-02-16,8.9,0,0.2,1.92,1.9
"1143",2020-02-17,9.5,7.8,1.4,2.92,9.1
"1144",2020-02-18,5.6,0,0.1,3.08,1.3
"1145",2020-02-19,5.1,3.4,4.3,2.75,14.8
"1146",2020-02-20,6.8,0,1.4,6,5.2
"1147",2020-02-21,6.1,0.6,2.5,7.07,9.1
"1148",2020-02-22,7.4,0,5.6,8.77,11.5
"1149",2020-02-23,12.9,0,9.2,0.42,20
"1150",2020-02-24,13.5,0,6.2,6.75,13.3
"1151",2020-02-25,8.1,5.8,7.4,2.82,17.1
"1152",2020-02-26,2.4,9.4,8.7,1.85,19.1
"1153",2020-02-27,2.5,8,9.5,2.25,20.8
"1154",2020-02-28,4.8,0.2,6.1,7.83,13.3
"1155",2020-02-29,9.3,14.8,7.3,3.82,15.5
"1156",2020-03-01,8.5,5.8,8.3,8.3,17.5
"1157",2020-03-02,4.9,2.2,5.3,3,11.2
"1158",2020-03-03,4.8,1.8,7,5.87,14.4
"1159",2020-03-04,5,0,4.1,5.82,8.3
"1160",2020-03-05,5.6,17.8,3.8,0,8.2
"1161",2020-03-06,5.9,1.6,12.4,1.77,26.3
"1162",2020-03-07,4.7,0.8,5.1,6,10.2
"1163",2020-03-08,5,0,4.2,10.48,8.4
"1164",2020-03-09,6,4.2,6,4.32,12.6
"1165",2020-03-10,5.3,5.6,8.8,0,18.3
"1166",2020-03-11,12.6,0.2,9.5,7.08,19.5
"1167",2020-03-12,12.5,0,6.8,5.2,14.9
"1168",2020-03-13,8.2,0,6.8,7.25,14.9
"1169",2020-03-14,5.3,0,2.2,6.62,4.7
"1170",2020-03-15,6.3,0,2.4,10.15,5.2
"1171",2020-03-16,9,0,2.5,10.67,5.4
"1172",2020-03-17,10.5,0,3.1,6.5,6.4
"1173",2020-03-18,10.3,0,2.3,10.48,4.8
"1174",2020-03-19,11.2,0,1.8,10.62,4.2
"1175",2020-03-20,11.8,1.4,3.3,9.55,7
"1176",2020-03-21,6.4,0,6.5,0,12.6
"1177",2020-03-22,4,0.2,13.1,4.25,25.6
"1178",2020-03-23,2.2,0,11.1,10.83,22.3
"1179",2020-03-24,2.5,0,10.8,11,21.1
"1180",2020-03-25,2.7,0,8.7,11.05,16.9
"1181",2020-03-26,1.7,0,5.6,7.33,11.4
"1182",2020-03-27,5.4,0,2.8,10.42,6.1
"1183",2020-03-28,9.2,0,3.4,11.08,7.3
"1184",2020-03-29,4.7,4.8,4,0,7.9
"1185",2020-03-30,1.6,0.8,10,1.08,19.1
"1186",2020-03-31,2.8,0,6.7,11.42,13
"1187",2020-04-01,3.6,0,3.2,11.5,6.9
"1188",2020-04-02,6.1,0,3.2,11.25,7
"1189",2020-04-03,8.1,0,3.4,11.15,7.2
"1190",2020-04-04,8.2,0,3.4,11.73,7.3
"1191",2020-04-05,9.4,0,3.5,11.6,7.4
"1192",2020-04-06,12,0,2.9,12.08,6.1
"1193",2020-04-07,13.3,0,5,11.98,10
"1194",2020-04-08,13.8,0,3.3,11.98,7.2
"1195",2020-04-09,13.9,0,3.1,9.17,6.9
"1196",2020-04-10,13.7,0,3.3,11.67,7
"1197",2020-04-11,14.1,0,3.2,11.67,6.8
"1198",2020-04-12,15.5,0,3.6,10.75,7.8
"1199",2020-04-13,16.4,0,6,9.15,12.1
"1200",2020-04-14,7.8,0,8.7,11.8,17.4
"1201",2020-04-15,8.9,0,3.7,12.25,7.8
"1202",2020-04-16,13.4,0,3,11.83,6.7
"1203",2020-04-17,16.4,0,3.1,11.58,6.8
"1204",2020-04-18,17.8,0,5.5,11.83,11.1
"1205",2020-04-19,16.9,0,6.1,12.5,12.8
"1206",2020-04-20,14.4,2,9.3,9.75,19
"1207",2020-04-21,13.7,0,8,6.13,16.2
"1208",2020-04-22,13.8,0,5.1,12.3,10.5
"1209",2020-04-23,13.5,0,2.8,12.33,6.3
"1210",2020-04-24,15,0,4.9,12.37,10.2
"1211",2020-04-25,17,0,4.1,7.8,8.7
"1212",2020-04-26,14.6,0,3.9,7.75,8.2
"1213",2020-04-27,16.7,0.4,4.9,11.82,10.3
"1214",2020-04-28,13.8,8,6,0.33,12.3
"1215",2020-04-29,11.5,5.8,6.9,4.92,14.1
"1216",2020-04-30,10.1,7,4.6,0.75,10
"1217",2020-05-01,10.2,8.2,6.4,2,13.3
"1218",2020-05-02,10.4,5.2,6.1,2.33,12.8
"1219",2020-05-03,11.3,0.2,3.7,9.83,7.7
"1220",2020-05-04,15.9,0,4.7,7.83,9.9
"1221",2020-05-05,11.6,12.6,4.1,0,8.6
"1222",2020-05-06,11.6,1.8,5,10.83,10.6
"1223",2020-05-07,12.6,0,3.1,13.17,6.8
"1224",2020-05-08,17.3,0,2.6,11.83,5.8
"1225",2020-05-09,19.9,0.2,3.3,11.72,7.2
"1226",2020-05-10,18.9,2.4,3.3,7.42,7.3
"1227",2020-05-11,12.3,9.8,4.6,0.25,9.7
"1228",2020-05-12,7.6,1.2,6.4,5.92,13.7
"1229",2020-05-13,9.4,0.8,4.6,0.67,9.8
"1230",2020-05-14,9.2,6.2,7,0,14.1
"1231",2020-05-15,10.6,0.2,5.7,1.42,12.6
"1232",2020-05-16,11.5,0,3.9,11.5,8.3
"1233",2020-05-17,14.5,0,3.8,13.42,8.3
"1234",2020-05-18,16.1,0,3,13.32,7
"1235",2020-05-19,18.2,0,4.9,12.75,10.4
"1236",2020-05-20,19,0,5.1,10.67,10.4
"1237",2020-05-21,18.2,0,3.5,12.73,7.8
"1238",2020-05-22,19.7,0,3.4,9.75,7
"1239",2020-05-23,15.9,17,4.6,2.42,9.3
"1240",2020-05-24,13.5,0.2,5.3,10.38,11
"1241",2020-05-25,13.9,0,3.5,10.67,7.4
"1242",2020-05-26,14.6,0,4.9,12.4,10.5
"1243",2020-05-27,15.3,0,4.5,13.75,9.8
"1244",2020-05-28,15.5,0,3.8,6.67,8.4
"1245",2020-05-29,14.9,0,9.2,13.55,18.8
"1246",2020-05-30,14.3,0,6.4,11.33,13
"1247",2020-05-31,14.4,0,6.2,13.4,12.4
